City_ID,City,Country,Lat,Lng,Max Temp,Humidity,Cloudiness,Wind Speed,Current Description
0,Kodiak,US,57.79,-152.4072,33.31,44,0,17.27,clear sky
1,Hilo,US,19.7297,-155.09,78.53,77,75,9.22,moderate rain
2,Acari,PE,-15.4311,-74.6158,71.69,76,100,1.79,overcast clouds
3,Tabou,CI,4.423,-7.3528,78.24,81,89,6.89,overcast clouds
4,Tuktoyaktuk,CA,69.4541,-133.0374,3.2,78,100,16.11,overcast clouds
5,Aberdeen,GB,57.1437,-2.0981,22.5,86,13,2.3,few clouds
6,Puerto Ayora,EC,-0.7393,-90.3518,70.56,94,46,7.16,scattered clouds
7,Rikitea,PF,-23.1203,-134.9692,75.85,79,6,21.34,clear sky
8,Dauphin,CA,51.1494,-100.0502,28.54,96,100,5.75,mist
9,Torbay,CA,47.6666,-52.7314,34.27,95,100,8.05,overcast clouds
10,Nador,MA,35.174,-2.9287,66.27,88,0,2.3,clear sky
11,Jamestown,US,42.097,-79.2353,28.71,72,100,3.44,overcast clouds
12,Ushuaia,AR,-54.8,-68.3,49.66,57,75,6.91,light rain
13,Hami,CN,42.8,93.45,17.38,42,6,3.94,clear sky
14,Albany,US,42.6001,-73.9662,23.36,70,7,3.89,clear sky
15,Mataura,NZ,-46.1927,168.8643,77.77,35,99,3.6,overcast clouds
16,Saint-Philippe,RE,-21.3585,55.7679,72.99,85,21,8.68,light rain
17,Luderitz,NA,-26.6481,15.1594,62.96,90,36,2.89,scattered clouds
18,Lubango,AO,-14.9172,13.4925,60.19,47,61,3.06,broken clouds
19,Churhat,IN,24.428,81.6703,64.53,40,99,2.59,overcast clouds
20,Atuona,PF,-9.8,-139.0333,78.62,76,13,18.19,few clouds
21,Erenhot,CN,43.6475,111.9767,-0.54,48,2,23.0,clear sky
22,Parabel,RU,58.6978,81.4825,-8.37,100,85,4.94,overcast clouds
23,Ponta Do Sol,PT,32.6667,-17.1,72.23,94,100,13.82,light rain
24,Hobart,AU,-42.8794,147.3294,66.06,53,91,3.0,overcast clouds
25,Ribeira Grande,PT,38.5167,-28.7,61.77,77,98,20.0,overcast clouds
26,Avarua,CK,-21.2078,-159.775,80.65,65,20,8.05,few clouds
27,Bairiki,KI,1.3292,172.9752,81.18,76,9,9.6,clear sky
28,Carnarvon,AU,-24.8667,113.6333,73.78,68,0,13.4,clear sky
29,Port Alfred,ZA,-33.5906,26.891,71.62,91,98,26.42,overcast clouds
30,Dunedin,NZ,-45.8742,170.5036,61.81,79,33,8.01,scattered clouds
31,Iqaluit,CA,63.7506,-68.5145,8.33,84,75,0.0,broken clouds
32,Port-Cartier,CA,50.0334,-66.8654,12.74,88,100,9.13,light snow
33,Qiyang,CN,26.5911,111.8474,45.45,40,0,2.59,clear sky
34,East London,ZA,-33.0153,27.9116,70.61,91,100,20.74,overcast clouds
35,Cape Town,ZA,-33.9258,18.4232,68.11,93,100,8.05,light intensity drizzle
36,La Ronge,CA,55.1001,-105.2842,7.05,78,100,11.5,light snow
37,Ketchikan,US,55.3422,-131.6461,35.58,80,100,11.5,overcast clouds
38,Lebu,CL,-37.6167,-73.65,58.23,82,0,19.3,clear sky
39,Busselton,AU,-33.65,115.3333,68.2,47,78,15.84,broken clouds
40,Mackay,AU,-21.15,149.2,91.69,66,100,11.16,overcast clouds
41,Mar Del Plata,AR,-38.0023,-57.5575,60.94,65,0,5.75,clear sky
42,Bluff,NZ,-46.6,168.3333,63.63,72,100,9.82,overcast clouds
43,Palmer,US,42.1584,-72.3287,27.0,68,1,1.99,clear sky
44,Lata,PT,40.1629,-8.3327,63.07,97,100,7.47,overcast clouds
45,Yellowknife,CA,62.456,-114.3525,-8.45,84,20,12.66,few clouds
46,Talnakh,RU,69.4865,88.3972,-12.8,99,100,8.5,light snow
47,Kargasok,RU,59.0556,80.8572,-10.14,100,80,5.41,broken clouds
48,Tuatapere,NZ,-46.1333,167.6833,73.04,40,87,1.12,overcast clouds
49,Bredasdorp,ZA,-34.5322,20.0403,67.21,97,70,4.85,broken clouds
50,Bani,DO,18.2833,-70.3333,71.87,76,1,9.17,clear sky
51,Brake,DE,53.3333,8.4833,23.11,98,7,1.01,clear sky
52,Langxiang,CN,46.95,128.8833,1.56,79,100,9.51,overcast clouds
53,Kodinsk,RU,58.6881,99.1844,-26.54,100,99,3.02,overcast clouds
54,Dikson,RU,73.5069,80.5464,0.39,96,100,21.65,snow
55,Hamilton,US,39.1834,-84.5333,40.75,70,100,11.5,overcast clouds
56,Ambulu,ID,-8.345,113.6058,80.87,80,92,0.78,overcast clouds
57,Half Moon Bay,US,37.4636,-122.4286,52.61,76,40,12.66,scattered clouds
58,Khani,GE,41.9563,42.9566,36.97,73,100,3.62,overcast clouds
59,Cape Coast,GH,5.1053,-1.2466,78.69,86,1,7.45,clear sky
60,Lagoa,PT,39.05,-27.9833,60.15,80,82,30.67,broken clouds
61,Kapaa,US,22.0752,-159.319,84.18,69,75,17.27,light rain
62,Punta Arenas,CL,-53.15,-70.9167,55.51,62,40,24.16,scattered clouds
63,Cimarron Hills,US,38.8586,-104.6989,42.04,37,0,8.05,clear sky
64,Goderich,CA,43.7501,-81.7165,29.91,74,7,8.05,clear sky
65,Airai,TL,-8.9266,125.4092,75.34,55,45,1.68,scattered clouds
66,Araouane,ML,18.9048,-3.5265,70.5,14,0,7.27,clear sky
67,Barrow,US,71.2906,-156.7887,17.62,67,100,16.11,overcast clouds
68,Srednekolymsk,RU,67.45,153.6833,-37.16,99,100,9.44,overcast clouds
69,Chokurdakh,RU,70.6333,147.9167,-23.89,99,99,8.28,overcast clouds
70,Atyrau,KZ,47.1167,51.8833,10.42,72,0,13.42,clear sky
71,Svetlogorsk,BY,52.6333,29.7333,23.94,93,74,10.6,broken clouds
72,Ancud,CL,-41.8697,-73.8203,54.39,89,50,4.12,scattered clouds
73,Bethel,US,41.3712,-73.414,30.49,62,0,8.05,clear sky
74,Provideniya,RU,64.3833,-173.3,12.31,79,75,21.99,broken clouds
75,Ilulissat,GL,69.2167,-51.1,12.22,67,40,5.75,scattered clouds
76,Kidal,ML,18.4411,1.4078,68.63,11,33,8.75,scattered clouds
77,Kenora,CA,49.8167,-94.4337,29.37,86,100,12.66,overcast clouds
78,Itoman,JP,26.1247,127.6694,69.82,68,75,18.41,broken clouds
79,Longyearbyen,SJ,78.2186,15.6401,6.64,56,75,19.57,broken clouds
80,Lipari,IT,38.4674,14.954,54.27,67,100,11.52,overcast clouds
81,Vanimo,PG,-2.6741,141.3028,77.97,90,100,3.78,moderate rain
82,El Tigre,VE,8.8875,-64.2454,76.01,75,48,9.73,scattered clouds
83,Narrabri,AU,-30.3167,149.7833,73.53,37,0,1.99,clear sky
84,Ust-Nera,RU,64.5667,143.2,-51.12,98,79,4.38,broken clouds
85,Opotiki,NZ,-38.0833,177.2833,64.26,94,100,4.16,overcast clouds
86,Vaini,TO,-21.2,-175.2,77.16,94,100,10.36,moderate rain
87,Hirado,JP,33.3597,129.5531,52.39,60,6,19.37,clear sky
88,Hualmay,PE,-11.0964,-77.6139,69.3,81,100,3.04,overcast clouds
89,Saint George,US,37.1041,-113.5841,43.39,67,0,6.91,clear sky
90,Kautokeino,NO,69.0125,23.0412,-17.01,100,92,2.1,overcast clouds
91,Vardo,NO,70.3705,31.1107,13.98,67,56,23.02,broken clouds
92,Carmarthen,GB,51.8555,-4.3054,34.9,73,100,3.44,overcast clouds
93,Castro,BR,-24.7911,-50.0119,66.13,96,100,7.25,moderate rain
94,Kalanguy,RU,51.0167,116.5167,-13.45,94,100,6.04,overcast clouds
95,Guerrero Negro,MX,27.9769,-114.0611,61.05,55,0,14.41,clear sky
96,Nowa Sol,PL,51.8033,15.717,27.0,93,60,9.86,broken clouds
97,Butaritari,KI,3.0707,172.7902,81.1,78,26,11.54,scattered clouds
98,Caravelas,BR,-17.7125,-39.2481,74.7,92,69,9.44,broken clouds
99,Souillac,MU,-20.5167,57.5167,75.58,83,75,11.5,broken clouds
100,Pisco,PE,-13.7,-76.2167,69.85,83,0,14.97,clear sky
101,Nikolskoye,RU,59.7035,30.7861,17.8,91,99,9.15,overcast clouds
102,Faya,SA,18.3851,42.4509,50.11,78,0,0.96,clear sky
103,Maragogi,BR,-9.0122,-35.2225,77.49,80,98,10.4,overcast clouds
104,Chuy,UY,-33.6971,-53.4616,61.59,66,26,7.38,scattered clouds
105,Mahebourg,MU,-20.4081,57.7,76.24,83,75,11.5,broken clouds
106,Enshi,CN,30.3,109.4833,44.31,83,5,0.83,clear sky
107,Kavieng,PG,-2.5744,150.7967,83.93,70,100,5.77,overcast clouds
108,Mantua,IT,45.1667,10.7833,31.98,92,99,1.01,overcast clouds
109,Yulara,AU,-25.2406,130.9889,81.7,18,61,14.94,broken clouds
110,Broken Hill,AU,-31.95,141.4333,66.06,30,0,11.32,clear sky
111,New Norfolk,AU,-42.7826,147.0587,65.71,49,94,7.0,overcast clouds
112,Octeville,FR,49.6261,-1.6435,34.29,86,75,10.36,broken clouds
113,Te Anau,NZ,-45.4167,167.7167,72.1,35,94,7.29,overcast clouds
114,Takaka,NZ,-40.85,172.8,70.45,48,17,4.9,few clouds
115,Morristown,US,36.214,-83.2949,45.37,85,0,0.0,clear sky
116,Batagay-Alyta,RU,67.8006,130.4114,-27.83,86,99,2.95,overcast clouds
117,Petropavlovsk-Kamchatskiy,RU,53.0452,158.6483,19.99,49,40,2.24,scattered clouds
118,Clyde River,CA,70.4692,-68.5914,1.63,85,100,0.0,overcast clouds
119,Constitucion,CL,-35.3333,-72.4167,59.7,76,1,17.02,clear sky
120,Casper,US,42.8666,-106.3131,19.72,85,100,18.41,overcast clouds
121,Rocha,UY,-34.4833,-54.3333,58.39,75,77,6.89,broken clouds
122,Bubaque,GW,11.2833,-15.8333,81.0,75,0,10.54,clear sky
123,Amurzet,RU,47.6967,131.0981,10.38,75,100,12.24,overcast clouds
124,Hermanus,ZA,-34.4187,19.2345,67.8,97,95,4.74,moderate rain
125,College,US,64.8569,-147.8028,11.21,84,100,5.75,light snow
126,Faanui,PF,-16.4833,-151.75,77.65,77,100,23.42,light rain
127,Capitao Poco,BR,-1.7464,-47.0594,74.86,82,46,5.26,scattered clouds
128,Verkhnevilyuysk,RU,63.4453,120.3167,-17.05,97,100,5.39,overcast clouds
129,Port Elizabeth,ZA,-33.918,25.5701,72.1,97,100,3.0,overcast clouds
130,Dawlatabad,AF,36.4141,64.9053,35.98,80,0,3.98,clear sky
131,Bambous Virieux,MU,-20.3428,57.7575,76.21,83,75,11.5,broken clouds
132,Inverell,AU,-29.7833,151.1167,78.67,40,0,5.01,clear sky
133,West Bay,KY,19.3667,-81.4167,78.01,78,20,6.91,few clouds
134,Harper,LR,4.375,-7.7169,78.24,81,62,7.27,broken clouds
135,Bereda,ES,43.2686,-7.5406,58.41,100,100,7.18,overcast clouds
136,Port Hardy,CA,50.6996,-127.4199,35.78,93,75,3.44,broken clouds
137,Linjiang,CN,41.8069,126.9078,14.81,63,92,6.89,overcast clouds
138,Upernavik,GL,72.7868,-56.1549,14.41,60,100,2.17,overcast clouds
139,Vestmannaeyjar,IS,63.4427,-20.2734,33.21,70,12,7.54,few clouds
140,Kenai,US,60.5544,-151.2583,23.09,96,100,5.75,fog
141,Juneau,US,58.3019,-134.4197,35.6,94,100,14.97,mist
142,Dingle,PH,10.9995,122.6711,81.1,83,85,6.44,overcast clouds
143,Pacific Grove,US,36.6177,-121.9166,53.28,77,100,13.0,overcast clouds
144,Tyukhtet,RU,56.5389,89.3011,6.4,95,100,8.88,light snow
145,Zhezkazgan,KZ,47.8043,67.7144,-4.02,71,0,8.95,clear sky
146,Khatanga,RU,71.9667,102.5,4.44,90,100,19.93,overcast clouds
147,Tiksi,RU,71.6872,128.8694,-15.61,94,100,12.62,overcast clouds
148,Magistralnyy,RU,56.1725,107.4458,-27.17,99,98,2.33,overcast clouds
149,Burriana,ES,39.889,-0.085,70.7,66,100,11.05,overcast clouds
150,Hammerfest,NO,70.6634,23.6821,23.45,68,97,5.75,overcast clouds
151,Abu Kamal,SY,34.4506,40.9171,55.06,69,100,10.31,overcast clouds
152,San Patricio,US,28.017,-97.5169,74.17,85,100,16.26,overcast clouds
153,Pevek,RU,69.7008,170.3133,-13.04,95,100,25.43,light snow
154,Jalu,LY,29.0331,21.5482,65.21,41,100,6.8,overcast clouds
155,Deputatskiy,RU,69.3,139.9,-22.81,95,100,6.11,overcast clouds
156,Moyale,KE,3.5167,39.0584,67.06,47,0,7.14,clear sky
157,Panacan,PH,9.2463,118.4082,81.34,65,96,1.72,overcast clouds
158,Nanortalik,GL,60.1432,-45.2371,21.13,84,17,6.46,few clouds
159,Akyab,MM,20.15,92.9,67.05,64,24,6.67,few clouds
160,Tasiilaq,GL,65.6145,-37.6368,26.76,77,100,5.64,overcast clouds
161,Roebourne,AU,-20.7833,117.1333,96.8,22,40,9.78,scattered clouds
162,Antofagasta,CL,-23.65,-70.4,69.08,75,41,1.52,scattered clouds
163,Muroto,JP,33.2833,134.15,57.87,70,6,7.63,clear sky
164,Kumluca,TR,36.3703,30.2869,59.67,78,100,4.47,overcast clouds
165,Tuy Hoa,VN,13.0833,109.3,70.99,81,100,12.59,overcast clouds
166,Kloulklubed,PW,7.0419,134.2556,79.3,74,100,6.96,overcast clouds
167,Fortuna,US,40.5982,-124.1573,48.54,85,100,4.61,overcast clouds
168,Atar,MR,20.5169,-13.0499,76.06,15,0,6.73,clear sky
169,Georgetown,MY,5.4112,100.3354,78.73,96,20,2.3,few clouds
170,Peleduy,RU,59.6289,112.7406,-15.41,95,100,9.22,overcast clouds
171,Mahibadhoo,MV,3.7833,72.9667,81.3,78,56,16.4,broken clouds
172,Celestun,MX,20.8667,-90.4,76.15,78,2,13.33,clear sky
173,Kasempa,ZM,-13.4584,25.8338,61.7,92,55,3.8,broken clouds
174,Oksfjord,NO,70.2396,22.3479,23.18,69,91,6.89,overcast clouds
175,Mogadishu,SO,2.0371,45.3438,78.51,76,1,16.6,clear sky
176,Cap Malheureux,MU,-19.9842,57.6142,76.46,70,12,4.0,light rain
177,San Miguel,SV,13.4833,-88.1833,83.86,69,0,2.3,clear sky
178,Montana,BG,43.4125,23.225,30.88,91,38,2.95,scattered clouds
179,Champerico,GT,14.3,-91.9167,79.39,72,99,4.27,overcast clouds
180,Chabahar,IR,25.2919,60.643,70.48,43,0,8.75,clear sky
181,Kirakira,SB,-10.4544,161.9205,84.58,72,32,5.1,scattered clouds
182,Palatka,US,29.6486,-81.6376,64.96,80,7,1.01,clear sky
183,Sao Filipe,CV,14.8961,-24.4956,78.22,70,0,5.55,clear sky
184,Hofn,IS,64.2539,-15.2082,33.24,65,1,20.0,clear sky
185,Coihaique,CL,-45.5752,-72.0662,56.01,71,0,4.61,clear sky
186,Putina,PE,-15.4667,-69.4333,46.69,72,100,8.66,overcast clouds
187,Maniitsoq,GL,65.4167,-52.9,17.82,55,91,7.45,overcast clouds
188,Lakes Entrance,AU,-37.8811,147.981,66.16,42,23,12.77,few clouds
189,Lasa,IT,46.6166,10.7002,22.08,73,70,2.04,broken clouds
190,Gladstone,AU,-23.85,151.25,89.78,58,19,9.22,few clouds
191,Huarmey,PE,-10.0681,-78.1522,68.92,82,100,4.88,overcast clouds
192,Chunskiy,RU,56.0815,99.6342,-18.83,100,88,2.91,overcast clouds
193,Norman Wells,CA,65.282,-126.8329,-2.16,71,75,9.22,broken clouds
194,Bom Jesus,BR,-9.0744,-44.3586,78.04,63,73,2.77,broken clouds
195,Qaanaaq,GL,77.484,-69.3632,-2.81,66,100,8.01,overcast clouds
196,Istanbul,TR,41.0351,28.9833,58.42,77,75,8.05,broken clouds
197,Varnavino,RU,57.4035,45.0916,22.78,83,10,12.26,clear sky
198,Hailar,CN,49.2,119.7,-3.91,90,100,16.71,overcast clouds
199,Deoria,IN,26.5047,83.7872,56.03,49,0,4.25,clear sky
200,Namatanai,PG,-3.6667,152.4333,84.58,67,100,3.36,overcast clouds
201,Codrington,AU,-38.2667,141.9667,55.26,53,98,24.34,overcast clouds
202,Coquimbo,CL,-29.9533,-71.3436,62.33,88,0,9.22,clear sky
203,Paraiba Do Sul,BR,-22.1619,-43.2928,70.05,96,100,2.51,overcast clouds
204,Saint-Joseph,RE,-21.3667,55.6167,71.98,82,21,8.63,few clouds
205,Lamu,KE,-2.2717,40.902,79.02,81,5,8.41,clear sky
206,Thunder Bay,CA,48.4001,-89.3168,28.38,86,100,10.36,overcast clouds
207,Bathsheba,BB,13.2167,-59.5167,79.41,87,20,12.66,few clouds
208,Portland,US,45.5234,-122.6762,46.83,82,100,6.91,overcast clouds
209,Hambantota,LK,6.1241,81.1185,71.94,100,20,4.63,few clouds
210,Cidreira,BR,-30.1811,-50.2056,68.52,80,100,9.19,heavy intensity rain
211,Pampierstad,ZA,-27.7832,24.6877,68.41,80,93,8.68,overcast clouds
212,Camapua,BR,-19.5314,-54.0439,76.41,72,99,1.74,overcast clouds
213,Pishin,PK,30.5803,66.9961,38.64,68,0,4.72,clear sky
214,Matamoros,MX,25.5333,-103.25,77.11,28,75,5.75,broken clouds
215,Homer,US,59.6425,-151.5483,30.09,64,0,19.57,clear sky
216,Kaitangata,NZ,-46.2817,169.8464,70.14,56,47,15.82,scattered clouds
217,Port Blair,IN,11.6667,92.75,77.04,88,40,1.14,mist
218,Sitka,US,57.0531,-135.33,42.69,87,100,6.91,moderate rain
219,Atakpame,TG,7.5333,1.1333,74.41,75,10,4.52,clear sky
220,Padang,ID,-0.9492,100.3543,75.25,89,100,4.41,overcast clouds
221,Diego De Almagro,CL,-26.3667,-70.05,67.91,59,0,3.85,clear sky
222,Sao Felix Do Xingu,BR,-6.6447,-51.995,72.52,96,100,1.07,overcast clouds
223,Quixeramobim,BR,-5.1992,-39.2928,79.05,57,83,7.2,broken clouds
224,Mosquera,CO,4.7059,-74.2302,55.49,88,75,4.61,broken clouds
225,Primorskiy,RU,43.0983,131.5875,22.3,53,100,8.48,overcast clouds
226,Klaksvik,FO,62.2266,-6.589,34.72,57,100,26.26,overcast clouds
227,Sakaraha,MG,-22.9,44.5333,70.47,82,20,4.63,few clouds
228,Lavrentiya,RU,65.5833,-171.0,2.32,88,6,10.8,clear sky
229,Sahiwal,PK,30.6667,73.1,57.49,34,0,5.08,clear sky
230,Taoudenni,ML,22.6783,-3.9836,77.36,28,9,3.65,clear sky
231,Mizan Teferi,ET,6.9833,35.5833,62.85,81,91,2.35,overcast clouds
232,Awjilah,LY,29.1081,21.2869,65.52,39,100,7.36,overcast clouds
233,Tolaga Bay,NZ,-38.3667,178.3,65.57,87,100,7.74,light rain
234,Cherskiy,RU,68.75,161.3,-32.04,97,100,12.82,overcast clouds
235,Davila,PH,18.4726,120.5763,78.78,79,45,19.62,scattered clouds
236,Thompson,CA,55.7435,-97.8558,24.96,100,100,3.44,light shower snow
237,Fonte Boa,BR,-2.4959,-66.2662,73.92,95,99,3.02,light rain
238,Sivas,TR,39.7916,37.0019,38.03,93,75,12.66,light rain
239,Bikin,RU,46.8161,134.26,17.71,80,100,7.11,overcast clouds
240,Broome,US,42.2506,-75.833,23.38,86,100,8.05,overcast clouds
241,Yanam,IN,16.7333,82.2167,73.58,95,21,4.12,few clouds
242,Arlit,NE,18.7369,7.3853,67.55,14,79,5.5,broken clouds
243,Cabra,ES,37.4725,-4.4421,60.94,88,100,17.02,overcast clouds
244,Papar,MY,5.7333,115.9333,78.8,82,98,2.19,overcast clouds
245,Plettenberg Bay,ZA,-34.0527,23.3716,68.58,94,1,2.53,clear sky
246,Loding,NO,67.3,14.75,17.51,78,100,18.41,overcast clouds
247,Gat,IL,31.61,34.7642,63.39,33,88,6.29,overcast clouds
248,Leningradskiy,RU,69.3833,178.4167,-5.04,72,100,25.55,overcast clouds
249,Bengkulu,ID,-3.8004,102.2655,75.36,88,100,4.5,overcast clouds
250,Atikokan,CA,48.7555,-91.6216,24.76,92,100,8.23,overcast clouds
251,Samana,DO,19.2056,-69.3369,70.45,77,0,5.75,clear sky
252,Alofi,NU,-19.0595,-169.9187,82.29,65,77,16.11,broken clouds
253,Pozo Colorado,PY,-23.4923,-58.7972,80.24,71,100,2.98,overcast clouds
254,Acapulco,MX,16.8634,-99.8901,76.96,80,97,6.49,overcast clouds
255,Orbetello,IT,42.4408,11.2196,42.82,69,100,7.54,light rain
256,Pochutla,MX,15.7432,-96.4661,77.83,79,32,3.69,scattered clouds
257,Peace River,CA,56.2501,-117.286,-0.09,84,75,2.3,broken clouds
258,Baiyin,CN,36.5583,104.2081,18.68,30,95,2.68,overcast clouds
259,Noumea,NC,-22.2763,166.4572,87.78,66,2,10.58,clear sky
260,Honiara,SB,-9.4333,159.95,84.7,73,76,4.07,broken clouds
261,Bonthe,SL,7.5264,-12.505,78.85,82,0,5.39,clear sky
262,Canutama,BR,-6.5339,-64.3831,78.84,80,100,1.61,overcast clouds
263,Chlorakas,CY,34.8042,32.4083,59.88,77,0,5.75,clear sky
264,Aketi,CD,2.7388,23.7833,73.54,83,100,2.66,overcast clouds
265,Ostrovnoy,RU,68.0531,39.5131,9.75,94,100,7.65,overcast clouds
266,Puerto Leguizamo,CO,-0.1934,-74.7819,79.27,72,100,2.89,overcast clouds
267,Narsaq,GL,60.9167,-46.05,14.22,61,0,8.39,clear sky
268,Moree,AU,-29.4667,149.85,76.87,19,0,9.35,clear sky
269,Tomatlan,MX,19.9333,-105.25,71.82,71,4,1.25,clear sky
270,Paamiut,GL,61.994,-49.6678,18.19,61,8,8.88,clear sky
271,Mayumba,GA,-3.432,10.6554,74.39,90,100,4.92,light rain
272,Touros,BR,-5.1989,-35.4608,78.35,76,88,11.23,overcast clouds
273,Tabuk,PH,17.4189,121.4443,73.13,94,100,3.33,overcast clouds
274,Mokhsogollokh,RU,61.4681,128.9203,-34.53,95,100,3.78,overcast clouds
275,Ampanihy,MG,-24.7,44.75,71.8,81,63,6.33,broken clouds
276,Mezen,RU,65.8522,44.24,-6.14,96,100,7.27,overcast clouds
277,Hithadhoo,MV,-0.6,73.0833,81.61,76,100,15.39,overcast clouds
278,Atambua,ID,-9.1061,124.8925,84.25,64,49,1.63,scattered clouds
279,Kruisfontein,ZA,-34.0033,24.7314,69.89,89,100,4.23,overcast clouds
280,Kingaroy,AU,-26.5333,151.8333,83.75,54,100,8.84,overcast clouds
281,Livingston,GB,55.9029,-3.5226,23.49,93,0,4.61,clear sky
282,Predivinsk,RU,57.0669,93.4378,-9.62,96,100,2.37,overcast clouds
283,Kizhinga,RU,51.8462,109.9097,-11.47,92,25,5.01,scattered clouds
284,Saldanha,ZA,-33.0117,17.9442,64.45,94,0,7.09,clear sky
285,Hargeysa,SO,9.56,44.065,55.63,95,9,9.37,clear sky
286,Arraial Do Cabo,BR,-22.9661,-42.0278,78.76,83,75,5.75,light rain
287,Puri,IN,19.8,85.85,64.92,69,0,5.68,clear sky
288,Marrakesh,MA,31.6315,-8.0083,60.87,88,75,1.14,broken clouds
289,Carbonia,IT,39.1672,8.5222,57.85,91,100,15.1,overcast clouds
290,Coahuayana,MX,18.7333,-103.6833,72.99,88,26,0.87,scattered clouds
291,Matara,LK,5.9485,80.5353,72.72,84,36,3.65,scattered clouds
292,Akdepe,TM,42.0551,59.3788,12.29,48,0,9.4,clear sky
293,Beira,MZ,-19.8436,34.8389,78.89,83,20,0.0,light rain
294,Hastings,GB,50.8552,0.5729,37.78,70,90,13.67,overcast clouds
295,Mitsamiouli,KM,-11.3847,43.2844,80.11,78,78,10.36,broken clouds
296,Ponferrada,ES,42.5466,-6.5962,55.22,97,100,3.0,overcast clouds
297,Abu Zabad,SD,12.35,29.25,65.59,20,4,10.2,clear sky
298,Melipilla,CL,-33.7,-71.2167,59.81,57,0,4.45,clear sky
299,Kavaratti,IN,10.5669,72.642,80.33,80,100,20.92,moderate rain
300,Zaltan,LY,32.947,11.8665,63.45,68,0,8.46,clear sky
301,Solok,ID,-0.7918,100.6593,70.75,93,100,1.77,overcast clouds
302,Yanliang,CN,34.6592,109.2292,32.99,24,42,0.72,scattered clouds
303,Santiago,CL,-33.4569,-70.6483,82.26,26,0,13.8,clear sky
304,Ornskoldsvik,SE,63.2909,18.7153,13.15,85,100,13.8,overcast clouds
305,Balakhninskiy,RU,58.0106,114.2769,-26.91,98,100,1.1,overcast clouds
306,At-Bashi,KG,41.1702,75.8106,7.16,63,49,3.31,scattered clouds
307,Manzhouli,CN,49.6,117.4333,-7.74,88,100,19.82,overcast clouds
308,Gigmoto,PH,13.7796,124.39,82.53,73,100,5.55,overcast clouds
309,Grindavik,IS,63.8424,-22.4338,24.75,80,8,4.61,clear sky
310,Basco,PH,20.4487,121.9702,77.88,71,100,29.37,overcast clouds
311,Katsuura,JP,35.1333,140.3,44.62,90,100,11.14,light rain
312,Plastun,RU,44.7561,136.2939,28.09,71,100,7.7,overcast clouds
313,Kalat,PK,29.0225,66.5916,34.5,62,0,4.65,clear sky
314,Margate,GB,51.3813,1.3862,36.9,76,11,4.0,few clouds
315,Cockburn Town,TC,21.4612,-71.1419,76.1,65,6,7.23,clear sky
316,Ziro,IN,27.6333,93.8333,32.74,73,48,1.83,scattered clouds
317,Ahipara,NZ,-35.1667,173.1667,71.02,77,54,2.46,broken clouds
318,Chirongui,YT,-12.9319,45.1483,80.53,76,10,11.16,light rain
319,Tessalit,ML,20.1986,1.0114,69.06,12,0,7.31,clear sky
320,Rio Gallegos,AR,-51.6226,-69.2181,66.25,30,0,11.5,clear sky
321,Neftcala,AZ,39.3742,49.2472,44.38,81,80,7.2,broken clouds
322,Chicama,PE,-7.8447,-79.1469,68.54,76,100,5.48,overcast clouds
323,Manavalakurichi,IN,8.1333,77.3,76.46,83,66,5.12,broken clouds
324,Biala Podlaska,PL,52.0324,23.1165,29.44,92,100,14.83,overcast clouds
325,Chapais,CA,49.7834,-74.8492,6.58,98,74,4.65,broken clouds
326,Nadym,RU,65.5333,72.5167,-18.78,98,31,2.71,scattered clouds
327,Makakilo City,US,21.3469,-158.0858,80.92,60,40,17.27,scattered clouds
328,Cabo San Lucas,MX,22.8909,-109.9124,75.51,68,98,11.48,overcast clouds
329,Fairbanks,US,64.8378,-147.7164,11.23,85,100,5.75,light snow
330,Olinda,BR,-8.0089,-34.8553,80.33,74,75,6.91,broken clouds
331,Vila Franca Do Campo,PT,37.7167,-25.4333,63.19,87,100,17.9,overcast clouds
332,Wageningen,NL,51.9667,5.6667,26.94,92,5,2.3,clear sky
333,Voyvozh,RU,62.892,54.9635,-7.85,96,100,5.12,overcast clouds
334,Cortes,ES,41.9395,-1.4396,44.65,85,100,1.43,overcast clouds
335,Leshan,CN,29.5623,103.7639,48.74,65,100,3.6,overcast clouds
336,Safranbolu,TR,41.2508,32.6942,46.67,87,53,2.21,broken clouds
337,Sambava,MG,-14.2667,50.1667,73.89,89,17,9.75,few clouds
338,Dodoma,TZ,-6.1722,35.7395,69.71,73,20,11.5,few clouds
339,Saint-Pierre,RE,-21.3393,55.4781,73.9,68,0,4.61,clear sky
340,Barabinsk,RU,55.3571,78.357,3.06,92,100,16.44,overcast clouds
341,Aginskoye,RU,51.1,114.53,-9.98,63,64,18.81,broken clouds
342,Yar-Sale,RU,66.8333,70.8333,-18.78,99,10,7.38,clear sky
343,Rawson,AR,-43.3002,-65.1023,69.8,32,3,9.98,clear sky
344,Vila Do Maio,CV,15.1333,-23.2167,75.99,83,0,12.44,clear sky
345,Manokwari,ID,-0.8667,134.0833,77.0,86,100,1.12,overcast clouds
346,Aklavik,CA,68.2191,-135.0107,-7.6,77,100,11.5,snow
347,Kunnamangalam,IN,11.3046,75.8777,72.23,96,98,6.49,overcast clouds
348,Biak,ID,-0.9131,122.8766,81.19,74,100,1.72,overcast clouds
349,Grande Prairie,CA,55.1667,-118.8027,1.58,78,75,0.0,broken clouds
350,Kindu,CD,-2.95,25.95,68.31,100,100,1.32,moderate rain
351,Porbandar,IN,21.6422,69.6093,71.89,50,2,12.75,clear sky
352,Eyl,SO,7.9803,49.8164,72.54,79,1,12.21,clear sky
353,Bali,ID,-8.5,115.0,88.77,71,78,1.88,broken clouds
354,Badajoz,ES,38.6667,-6.1667,61.75,92,100,20.94,overcast clouds
355,San Cristobal,VE,7.7669,-72.225,69.98,90,34,1.25,scattered clouds
356,Praia Da Vitoria,PT,38.7333,-27.0667,61.75,77,20,20.71,few clouds
357,Asau,RO,46.4333,26.4,33.28,73,100,5.93,overcast clouds
358,Lebyazhye,RU,55.2689,66.4947,19.44,92,100,8.03,overcast clouds
359,Labytnangi,RU,66.6572,66.4183,-15.52,91,5,4.59,clear sky
360,Bainbridge,US,47.6262,-122.5212,44.26,83,75,4.0,broken clouds
361,Sabang,ID,5.8933,95.3214,75.06,94,100,10.6,light rain
362,Inta,RU,66.0317,60.1659,-22.95,100,19,2.35,few clouds
363,San Isidro,PE,-12.1167,-77.05,73.02,75,0,13.8,clear sky
364,Rwamagana,RW,-1.9487,30.4347,62.04,97,100,1.07,overcast clouds
365,Guanica,PR,17.9716,-66.908,77.95,68,8,4.32,clear sky
366,Muli,MV,2.9167,73.5667,81.21,76,99,16.49,light rain
367,Kitimat,CA,54.0524,-128.6534,26.98,60,98,0.54,overcast clouds
368,Haicheng,CN,40.8516,122.7475,21.56,47,62,3.96,broken clouds
369,Sabaudia,IT,41.3003,13.0282,49.78,96,100,8.77,light rain
370,Baykit,RU,61.67,96.37,-26.99,99,97,1.39,overcast clouds
371,Saskylakh,RU,71.9167,114.0833,-13.18,99,100,5.01,overcast clouds
372,Whitianga,NZ,-36.8333,175.7,65.91,88,100,6.44,overcast clouds
373,Gambela,ET,8.25,34.5833,77.07,64,62,2.15,broken clouds
374,Roura,GF,4.7263,-52.3274,76.91,94,100,0.0,overcast clouds
375,Tura,IN,25.5198,90.2201,58.23,87,7,2.86,clear sky
376,Samarai,PG,-10.6167,150.6667,83.48,74,100,3.58,overcast clouds
377,Marquette,US,46.5333,-87.6335,28.35,86,60,3.8,broken clouds
378,Amapa,BR,1.0,-52.0,73.24,78,5,2.93,clear sky
379,Bumba,CD,2.1833,22.4667,72.12,91,100,3.2,overcast clouds
380,Abha,SA,18.2164,42.5053,49.82,87,0,4.61,clear sky
381,Chumikan,RU,54.7183,135.315,-0.8,71,100,6.6,overcast clouds
382,Suntar,RU,62.1444,117.6319,-13.29,95,100,8.39,overcast clouds
383,Polonnaruwa,LK,7.9333,81.0,71.47,92,50,2.28,scattered clouds
384,Disna,BY,55.568,28.1971,21.74,90,97,13.87,overcast clouds
385,Chipata,ZM,-13.6333,32.65,65.52,78,100,4.05,overcast clouds
386,Gewane,ET,10.1664,40.6453,71.02,59,43,5.03,scattered clouds
387,Khovu-Aksy,RU,51.1333,93.6,-11.4,92,100,4.29,overcast clouds
388,Svetlaya,RU,46.5389,138.3297,26.73,93,100,13.35,snow
389,Husavik,IS,66.0449,-17.3389,27.43,91,100,10.94,snow
390,Port Pirie,AU,-33.1833,138.0167,63.36,52,97,14.29,overcast clouds
391,Rome,US,34.257,-85.1647,54.01,87,75,3.44,broken clouds
392,Naters,CH,46.3254,7.9891,36.97,74,100,7.18,light snow
393,Pedernales,DO,18.0384,-71.744,75.15,74,0,5.48,clear sky
394,Hirara,JP,24.8,125.2833,69.66,73,75,24.16,broken clouds
395,Anadyr,RU,64.75,177.4833,-7.1,64,0,11.18,clear sky
396,Lappeenranta,FI,61.0587,28.1887,17.78,86,100,13.8,light snow
397,Huambo,AO,-12.7761,15.7392,58.12,88,100,2.01,overcast clouds
398,Necochea,AR,-38.5473,-58.7368,54.39,75,10,0.87,clear sky
399,Pangnirtung,CA,66.1451,-65.7125,6.21,94,100,3.2,overcast clouds
400,Westport,US,41.1415,-73.3579,32.83,61,0,8.05,clear sky
401,Rudbar,AF,30.15,62.6,45.72,54,0,6.46,clear sky
402,Severo-Kurilsk,RU,50.6789,156.125,28.09,62,100,9.04,overcast clouds
403,Verkh-Usugli,RU,52.7,115.1667,-16.02,74,79,4.38,broken clouds
404,Male,MV,4.1748,73.5089,80.55,83,75,23.02,broken clouds
405,Ixtapa,MX,20.7,-105.2,69.15,83,10,1.12,clear sky
406,Florence,IT,43.7667,11.25,42.08,88,75,2.3,light rain
407,Misratah,LY,32.3754,15.0925,65.26,79,46,9.28,scattered clouds
408,Khao Yoi,TH,13.2403,99.8243,76.91,77,100,6.71,overcast clouds
409,Sabla,NG,12.7525,4.7077,69.64,17,15,9.86,few clouds
410,Dongli,CN,23.5656,116.8194,55.38,71,20,6.71,few clouds
411,Kapustin Yar,RU,48.5831,45.7372,23.7,81,6,13.51,clear sky
412,Ayabaca,PE,-4.6398,-79.7149,51.98,81,100,2.75,overcast clouds
413,Sinnai,IT,39.3042,9.2036,59.47,87,40,5.75,scattered clouds
414,Saintes,FR,45.6667,-0.75,37.15,100,100,10.76,overcast clouds
415,Corumba,BR,-19.0092,-57.6533,83.07,53,100,2.86,overcast clouds
416,Yaan,NG,7.3833,8.5667,75.38,33,87,4.47,overcast clouds
417,Yumen,CN,40.2833,97.2,11.08,55,19,8.93,few clouds
418,Geraldton,AU,-28.7667,114.6,86.41,17,0,21.85,clear sky
419,Tilichiki,RU,60.4667,166.1,11.7,93,100,7.4,snow
420,Costa Rica,BR,-23.4167,-54.65,73.78,92,100,3.11,overcast clouds
421,Huanan,CN,46.2167,130.5167,7.27,73,100,16.49,overcast clouds
422,Eenhana,NA,-17.4667,16.3333,67.41,29,92,7.31,overcast clouds
423,Vao,NC,-22.6667,167.4833,75.99,66,16,8.61,few clouds
424,Shahrud,IR,36.4182,54.9763,32.81,63,96,3.0,overcast clouds
425,Krasnoye,UA,49.9145,24.6134,27.81,92,100,13.69,light snow
426,Gorom-Gorom,BF,14.4439,-0.2361,72.07,13,85,10.07,overcast clouds
427,Spokane,US,47.6166,-117.3677,33.69,90,53,1.99,broken clouds
428,Gemena,CD,3.25,19.7667,68.41,95,100,2.21,overcast clouds
429,Belmonte,BR,-15.8631,-38.8828,77.16,90,60,11.43,broken clouds
430,Mount Isa,AU,-20.7333,139.5,89.37,13,6,11.5,clear sky
431,Arman,RU,59.7,150.1667,-21.86,82,13,8.23,few clouds
432,Benguela,AO,-12.5763,13.4055,74.43,85,92,5.19,overcast clouds
433,Lompoc,US,34.6391,-120.4579,53.78,72,0,12.66,clear sky
434,Along,IN,28.1667,94.7667,52.27,79,0,1.3,clear sky
435,Ucluelet,CA,48.9329,-125.5528,39.51,89,17,1.45,few clouds
436,Phan Thiet,VN,10.9333,108.1,74.37,69,100,2.89,overcast clouds
437,Los Llanos De Aridane,ES,28.6585,-17.9182,70.12,72,0,8.99,clear sky
438,Lebanon,US,36.2081,-86.2911,50.13,83,0,0.0,clear sky
439,Egvekinot,RU,66.3167,-179.1667,-22.81,78,14,4.65,few clouds
440,Vaxjo,SE,56.8777,14.8091,24.85,80,100,14.97,overcast clouds
441,Maarianhamina,AX,60.0973,19.9348,21.06,86,100,17.27,snow
442,Garissa,KE,-0.4536,39.6401,75.9,83,21,6.82,few clouds
443,Olafsvik,IS,64.8945,-23.7142,33.67,73,45,14.43,scattered clouds
444,Casas Grandes,MX,30.3667,-107.95,47.71,46,1,38.25,clear sky
445,Bandarbeyla,SO,9.4942,50.8122,77.04,71,31,15.43,scattered clouds
446,Roma,US,43.2128,-75.4557,21.96,80,5,3.8,clear sky
447,Namibe,AO,-15.1961,12.1522,68.54,72,17,6.89,few clouds
448,Mount Gambier,AU,-37.8333,140.7667,55.4,47,100,15.57,overcast clouds
449,Kysyl-Syr,RU,63.8986,122.7617,-22.58,99,100,3.38,overcast clouds
450,Richards Bay,ZA,-28.783,32.0377,70.79,92,100,2.19,overcast clouds
451,La Tuque,CA,47.4334,-72.7824,10.65,85,7,3.44,clear sky
452,Kahului,US,20.8947,-156.47,80.62,73,40,24.16,scattered clouds
453,Camacha,PT,33.0833,-16.3333,69.22,83,75,25.32,light intensity shower rain
454,Xinzhou,CN,38.4092,112.7333,19.18,23,0,13.35,clear sky
455,Shediac,CA,46.2198,-64.5411,17.1,79,20,4.61,few clouds
456,Tiarei,PF,-17.5333,-149.3333,75.22,76,100,9.44,light rain
457,Tecoanapa,MX,16.5167,-98.75,77.76,77,100,6.31,overcast clouds
458,Sao Gabriel Da Cachoeira,BR,-0.1303,-67.0892,73.2,97,100,1.03,light rain
459,Bisira,PA,8.5196,-81.7115,57.42,96,73,4.16,broken clouds
460,Kholtoson,RU,50.2981,103.3097,-19.46,91,7,4.05,clear sky
461,Bonavista,CA,48.6499,-53.1147,33.1,88,100,13.76,overcast clouds
462,Pahrump,US,36.2083,-115.9839,43.25,62,5,1.99,clear sky
463,Aden,YE,12.7794,45.0367,77.67,74,8,16.08,light rain
464,Xining,CN,36.6167,101.7667,16.38,55,100,1.79,overcast clouds
465,Esperance,AU,-33.8667,121.9,63.54,59,89,13.47,overcast clouds
466,Hasanabad,IR,36.5465,61.0543,40.41,47,0,9.19,clear sky
467,Eureka,US,40.8021,-124.1637,47.19,88,38,4.0,scattered clouds
468,Panguna,PG,-6.3164,155.4848,77.95,79,100,2.1,moderate rain
469,Shache,CN,38.4167,77.2406,24.04,53,55,3.29,broken clouds
470,Mnogovershinnyy,RU,53.9353,139.9242,3.56,90,100,6.22,overcast clouds
471,Muros,ES,42.7762,-9.0603,62.69,92,100,10.85,overcast clouds
472,Korla,CN,41.7597,86.1469,18.81,49,0,4.16,clear sky
473,Poum,NC,-20.2333,164.0167,80.85,67,3,4.79,clear sky
474,Lyuban,BY,52.7985,28.0048,25.72,94,100,10.8,overcast clouds
475,Arroio Grande,BR,-32.2375,-53.0869,60.6,86,88,1.81,overcast clouds
476,Nuuk,GL,64.1835,-51.7216,20.88,62,5,7.7,clear sky
477,Yunyang,CN,33.4474,112.7142,42.49,25,100,2.8,overcast clouds
478,Taltal,CL,-25.4,-70.4833,68.02,81,32,1.74,scattered clouds
479,Nizhniy Tsasuchey,RU,50.5167,115.1333,-8.23,61,89,18.88,overcast clouds
480,Nea Vissa,GR,41.5833,26.5333,45.16,86,100,20.24,light rain
481,Berlevag,NO,70.8578,29.0864,21.2,49,75,21.85,broken clouds
482,San Quintin,MX,30.4833,-115.95,56.91,56,9,18.52,clear sky
483,Namie,JP,37.4833,141.0,49.98,73,100,5.66,moderate rain
484,Saint-Augustin,CA,51.226,-58.6502,21.15,79,100,13.78,overcast clouds
485,Mvuma,ZW,-19.2792,30.5283,62.56,78,8,4.85,clear sky
486,Kidodi,TZ,-7.6036,37.0044,70.34,88,84,2.71,broken clouds
487,Omsukchan,RU,62.5333,155.8,-24.83,95,100,4.72,overcast clouds
488,Dudinka,RU,69.4058,86.1778,-12.39,95,100,17.11,overcast clouds
489,Batemans Bay,AU,-35.7167,150.1833,67.1,26,0,4.47,clear sky
490,Luwuk,ID,-0.9516,122.7875,84.16,72,100,1.34,overcast clouds
491,Nouadhibou,MR,20.931,-17.0347,70.12,71,0,14.72,clear sky
492,Tezu,IN,27.9167,96.1667,59.99,52,0,3.2,clear sky
493,Beringovskiy,RU,63.05,179.3167,-7.22,94,36,4.68,scattered clouds
494,Naze,JP,28.3667,129.4833,63.52,65,91,13.27,overcast clouds
495,Santa Cruz,BO,-17.8,-63.1667,74.66,88,100,16.11,overcast clouds
496,Borogontsy,RU,62.6683,131.1683,-43.13,99,99,3.02,overcast clouds
497,Desbiens,CA,48.4178,-71.9495,16.45,87,93,14.36,overcast clouds
498,Hobyo,SO,5.3505,48.5268,77.86,69,1,20.22,clear sky
499,Balabac,PH,7.9868,117.0645,80.91,70,100,5.44,overcast clouds
500,Bridgetown,BB,13.1,-59.6167,79.29,73,20,12.66,few clouds
501,Bowen,AU,-20.0167,148.2333,83.37,68,21,10.25,few clouds
502,Navahrudak,BY,53.6,25.8333,28.2,88,100,17.87,overcast clouds
503,Ventspils,LV,57.3894,21.5606,24.73,100,100,4.61,light snow
504,Peniche,PT,39.3558,-9.3811,66.29,96,100,21.23,overcast clouds
505,Baker City,US,44.7749,-117.8344,30.18,89,47,7.7,scattered clouds
506,Alta Floresta,BR,-9.8756,-56.0861,70.65,99,81,2.59,broken clouds
507,Belyy Yar,RU,53.6039,91.3903,-5.91,77,100,4.47,light snow
508,Falun,SE,60.6036,15.626,18.01,86,100,10.56,overcast clouds
509,Odemira,PT,37.598,-8.6397,64.17,96,100,15.66,overcast clouds
510,Dong Hoi,VN,17.4833,106.6,64.51,73,100,8.28,overcast clouds
511,Labrea,BR,-7.2586,-64.7981,78.6,79,100,1.25,overcast clouds
512,Kyrylivka,UA,46.3759,35.3675,44.35,85,100,4.7,overcast clouds
513,Puerto Del Rosario,ES,28.5004,-13.8627,65.95,88,0,3.44,clear sky
514,Praia,CV,14.9215,-23.5087,75.74,69,0,11.5,clear sky
515,Shemursha,RU,54.8866,47.5189,22.15,67,0,15.97,clear sky
516,Kisangani,CD,0.5167,25.2,69.1,99,100,1.72,moderate rain
517,Omboue,GA,-1.5746,9.2618,74.3,94,100,2.86,light rain
518,Mount Hagen,PG,-5.8581,144.2274,66.96,77,40,8.05,scattered clouds
519,Gawler,AU,-34.6,138.7333,66.22,52,97,14.81,overcast clouds
520,Mehamn,NO,71.0357,27.8492,21.15,73,100,14.97,overcast clouds
521,Cogtong,PH,9.8374,124.5291,81.52,82,100,8.34,overcast clouds
522,Zhovkva,UA,50.0583,23.9726,28.9,95,100,10.74,light snow
523,Drayton Valley,CA,53.2168,-114.9854,-0.92,97,15,3.85,few clouds
524,Varangaon,IN,21.0167,75.9,72.45,82,67,6.31,broken clouds
525,Inuvik,CA,68.3499,-133.7218,2.41,84,100,4.61,snow
526,Imbituba,BR,-28.24,-48.6703,72.97,83,100,11.97,moderate rain
527,Fengcheng,CN,40.4536,124.0717,23.2,49,100,7.56,overcast clouds
528,Rantepao,ID,-2.9701,119.8978,76.3,79,100,1.23,overcast clouds
529,Tanout,NE,14.9709,8.8879,63.86,17,10,10.71,clear sky
530,Biga,TR,40.2281,27.2422,53.92,87,100,6.13,overcast clouds
531,Moroni,KM,-11.7022,43.2551,78.62,77,89,2.64,overcast clouds
532,Tonantins,BR,-2.8731,-67.8022,74.05,97,100,2.53,light rain
533,Miri,MY,4.4148,114.0089,77.14,88,40,4.61,scattered clouds
534,Stepnogorsk,KZ,52.3544,71.8869,18.91,82,100,14.47,overcast clouds
535,Uige,AO,-7.6087,15.0613,67.1,100,100,1.19,light rain
536,Laguna,US,38.421,-121.4238,50.99,68,0,6.91,clear sky
537,Russell,US,32.3502,-85.1999,59.97,88,100,0.0,overcast clouds
538,Buala,SB,-8.145,159.5921,84.49,73,97,3.0,light rain
539,Jimma,ET,7.6667,36.8333,59.94,76,20,1.25,few clouds
540,Chandur,IN,19.7333,79.1833,71.82,85,76,1.95,broken clouds
541,Kismayo,SO,-0.3582,42.5454,79.07,77,6,12.93,clear sky
542,Tyrma,RU,50.0833,132.1667,9.43,92,100,2.06,light snow
543,Brownsville,US,25.9018,-97.4975,76.08,91,40,13.8,scattered clouds
544,Roswell,US,34.0232,-84.3616,55.18,90,75,4.61,broken clouds
545,Masalli,KR,34.7959,126.6553,44.28,47,58,18.05,broken clouds
546,Victoria Point,AU,-27.5833,153.3,83.34,68,84,10.0,broken clouds
547,Sur,OM,22.5667,59.5289,72.41,70,0,4.81,clear sky
548,Obuasi,GH,6.206,-1.6619,72.21,97,18,1.52,light rain
549,West Helena,US,34.5507,-90.6418,51.55,81,1,5.99,clear sky
550,Mangochi,MW,-14.4782,35.2645,70.77,85,37,3.83,scattered clouds
551,Waddan,LY,29.1614,16.139,64.94,48,0,6.64,clear sky
552,Datong,CN,40.0936,113.2914,6.21,25,0,16.44,clear sky
553,Phangnga,TH,8.4509,98.5298,77.04,89,100,4.74,overcast clouds
554,Rivera,UY,-30.9053,-55.5508,72.16,35,49,20.96,scattered clouds
555,Evensk,RU,61.95,159.2333,1.53,97,100,6.85,light snow
556,Viedma,AR,-40.8135,-62.9967,62.74,27,9,6.51,clear sky
557,Kyra,RU,49.5776,111.9753,-15.83,77,11,8.08,few clouds
558,San Vicente De Canete,PE,-13.0751,-76.3835,68.4,82,100,1.86,overcast clouds
559,Sylacauga,US,33.1732,-86.2516,59.36,88,100,0.0,overcast clouds
560,Rock Sound,BS,24.9,-76.2,76.26,70,3,11.97,clear sky
561,Chistogorskiy,RU,53.9835,87.3843,15.28,93,100,9.48,light snow
562,Abrau-Dyurso,RU,44.69,37.59,54.86,95,100,11.7,overcast clouds
563,Kholmogory,RU,64.2229,41.656,5.0,87,100,10.63,overcast clouds
564,Pokoynoye,RU,44.8097,44.2517,41.9,71,100,17.58,overcast clouds
565,Lydenburg,ZA,-25.0978,30.4597,60.87,92,96,3.11,overcast clouds
566,Zhuzhou,CN,27.8333,113.15,33.93,52,0,2.82,clear sky
567,Santarem,BR,-2.4431,-54.7083,78.93,89,0,4.61,clear sky
568,Rincon,US,32.296,-81.2354,58.86,90,42,5.14,scattered clouds
569,Mitu,CO,1.1983,-70.1733,71.53,97,100,2.17,overcast clouds
570,Yerkoy,TR,39.6381,34.4672,47.79,87,97,6.49,overcast clouds
571,Inirida,CO,3.8653,-67.9239,73.98,95,100,0.54,overcast clouds
572,Grand Gaube,MU,-20.0064,57.6608,76.37,70,14,5.01,light rain
573,Dakoro,NE,14.5106,6.765,65.08,17,17,11.14,few clouds
574,Torrington,US,41.8007,-73.1212,28.04,80,5,4.03,clear sky
575,Anaconda,US,46.1285,-112.9423,13.03,96,100,2.95,overcast clouds
576,Magadi,IN,12.9667,77.2333,68.16,96,99,9.75,overcast clouds
577,Ossora,RU,59.2353,163.0719,6.73,78,99,7.54,overcast clouds
578,Hoshcha,UA,50.6003,26.6744,27.3,90,80,10.2,broken clouds
579,Talaya,RU,61.3833,152.75,-31.68,97,100,1.25,overcast clouds
580,Havre-Saint-Pierre,CA,50.2334,-63.5986,14.0,78,100,13.8,light snow
581,Arsenyev,RU,44.1631,133.2733,18.95,74,100,7.36,overcast clouds
582,Ghansor,IN,22.65,79.95,65.25,59,55,3.15,broken clouds
583,Galesong,ID,-5.3166,119.3661,78.82,73,100,3.83,moderate rain
584,Smithers,CA,54.7804,-127.1743,17.92,79,100,3.44,overcast clouds
585,Aconibe,GQ,1.2968,10.9369,66.4,98,74,2.68,broken clouds
586,Fort Nelson,CA,58.8053,-122.7002,-4.41,77,75,2.3,broken clouds
587,San Andres,CO,12.5847,-81.7006,78.82,73,75,5.75,broken clouds
588,Arroyo,ES,41.6096,-4.7969,55.6,88,75,18.41,broken clouds
589,Pinheiro Machado,BR,-31.5783,-53.3811,57.06,84,90,12.91,overcast clouds
590,Nishihara,JP,26.1842,127.7558,69.08,64,75,18.41,broken clouds
591,Bonito Oriental,HN,15.7477,-85.7356,78.42,97,99,1.54,overcast clouds
592,Mandalgovi,MN,45.7625,106.2708,-4.31,45,0,11.99,clear sky
593,Santa Rosa,PH,14.3122,121.1114,83.08,80,100,6.02,overcast clouds
594,Agirish,RU,61.9247,63.0231,-21.41,100,15,0.85,few clouds
595,Biryusinsk,RU,55.9634,97.8235,-10.62,96,100,3.18,overcast clouds
596,Ternate,ID,0.8,127.4,82.53,75,92,4.88,overcast clouds
597,Maldonado,UY,-34.6667,-54.9167,65.59,79,24,5.97,few clouds
598,Dali,CN,25.7,100.1833,44.53,70,5,2.28,clear sky
599,San Agustin,MX,20.5333,-103.4667,70.52,37,47,4.0,scattered clouds
600,Jizan,SA,17.3333,42.6667,76.14,78,0,3.74,clear sky
601,Kasongo-Lunda,CD,-6.4667,16.8167,68.05,99,100,1.23,overcast clouds
602,Port Macquarie,AU,-31.4333,152.9167,74.89,33,0,9.13,clear sky
603,Birao,CF,10.2849,22.7882,66.25,18,17,6.08,few clouds
604,Vitim,RU,59.4511,112.5578,-15.39,95,100,9.24,overcast clouds
605,Poya,NC,-21.35,165.15,83.26,60,9,6.85,clear sky
606,Tongzi,CN,28.7829,105.0877,47.17,69,100,5.5,overcast clouds
607,Vila Velha,BR,-20.3297,-40.2925,82.35,86,75,11.5,light rain
608,Port Lincoln,AU,-34.7333,135.8667,63.52,52,16,17.85,few clouds
609,Kaeo,NZ,-35.1,173.7833,69.96,81,45,8.3,scattered clouds
610,Charleston,US,32.7766,-79.9309,56.01,83,40,6.91,scattered clouds
611,Shimoda,JP,34.6667,138.95,48.56,87,100,2.91,overcast clouds
612,Yerbogachen,RU,61.2767,108.0108,-21.24,97,96,6.22,overcast clouds
613,Aksu,CN,41.1231,80.2644,19.69,66,0,3.47,clear sky
614,Novokayakent,RU,42.3937,47.9861,44.82,87,99,14.54,light rain
615,San Giovanni Rotondo,IT,41.7049,15.7191,40.55,79,100,3.38,overcast clouds
616,Khalkhal,IR,37.6189,48.5258,31.66,73,54,5.14,broken clouds
617,Gorgan,IR,36.8387,54.4348,37.36,93,40,0.0,scattered clouds
618,Semey,KZ,50.4111,80.2275,21.42,93,100,15.66,snow
619,Malanje,AO,-9.5402,16.341,64.4,98,100,6.15,light rain
620,Ibotirama,BR,-12.1853,-43.2206,74.84,77,46,2.75,scattered clouds
621,Wewak,PG,-3.5534,143.6268,78.24,88,100,3.78,overcast clouds
622,Mattru,SL,7.6244,-11.8332,74.23,92,0,1.14,clear sky
623,Arkadelphia,US,34.1209,-93.0538,48.45,99,100,6.91,mist
624,Martapura,ID,-3.4167,114.85,80.69,83,40,3.44,scattered clouds
625,Medak,IN,18.0333,78.2667,66.74,97,40,4.41,scattered clouds
626,Teguldet,RU,57.3064,88.1667,6.91,95,100,7.34,light snow
627,Goreloye,RU,52.937,41.5043,29.37,78,100,17.22,overcast clouds
628,Taywarah,AF,33.35,64.4167,19.24,90,12,4.56,few clouds
629,Parnarama,BR,-5.6817,-43.0933,75.87,82,86,3.29,overcast clouds
630,Nabire,ID,-3.3667,135.4833,82.02,78,100,4.36,overcast clouds
631,Feldbach,AT,46.9531,15.8883,29.01,63,0,0.31,clear sky
632,Cascavel,BR,-24.9558,-53.4553,65.95,91,100,2.77,heavy intensity rain
633,Mbanza-Ngungu,CD,-5.25,14.8667,67.57,98,100,4.7,light rain
634,Heihe,CN,50.2441,127.4902,1.98,94,100,8.16,light snow
635,Malkangiri,IN,18.35,81.9,68.25,95,12,1.32,few clouds
636,Riviere-Au-Renard,CA,48.9957,-64.3971,16.09,65,100,7.83,overcast clouds
637,Bam,IR,29.106,58.357,43.99,41,0,3.13,clear sky
638,Boulsa,BF,12.6675,-0.5758,71.76,16,79,9.17,broken clouds
639,Ulaangom,MN,49.9811,92.0667,-11.43,97,100,3.53,overcast clouds
640,Skjervoy,NO,70.0311,20.9714,10.4,54,93,8.37,overcast clouds
641,Chongwe,ZM,-15.3292,28.682,66.24,74,4,2.95,clear sky
642,Kindersley,CA,51.4668,-109.1682,-4.99,99,43,4.61,scattered clouds
643,Gamboma,CG,-1.8764,15.8644,68.63,94,91,1.7,overcast clouds
644,Haines Junction,CA,60.7522,-137.5108,14.52,98,37,4.16,scattered clouds
645,Padre Bernardo,BR,-15.35,-48.5,73.56,80,90,1.61,overcast clouds
646,Garden City,US,42.3256,-83.331,36.14,79,34,1.01,scattered clouds
647,Hay River,CA,60.8156,-115.7999,-4.04,71,75,12.66,broken clouds
648,Kantunilkin,MX,21.0917,-87.45,70.75,80,0,2.86,clear sky
649,Sanok,PL,49.5557,22.2056,27.43,100,100,8.79,light snow
650,Acarau,BR,-2.8856,-40.12,78.91,77,73,14.85,broken clouds
651,Sunggal,ID,3.5765,98.6151,74.57,93,100,1.48,overcast clouds
652,Chama,CH,47.1821,8.4636,24.84,100,100,4.61,overcast clouds
653,Galeana,MX,24.8333,-100.0667,57.72,48,5,4.18,clear sky
654,Sinnamary,GF,5.3833,-52.95,77.11,86,100,8.48,overcast clouds
655,Salalah,OM,17.0151,54.0924,66.56,41,2,10.98,clear sky
656,Aykhal,RU,66.0,111.5,-14.51,100,94,6.89,overcast clouds
657,Taguatinga,BR,-12.3857,-46.5711,73.83,88,71,2.89,broken clouds
658,Mago,RU,53.2514,140.1822,7.2,92,100,1.5,overcast clouds
659,Alice Springs,AU,-23.7,133.8833,78.35,19,88,12.66,overcast clouds
660,Komsomolskiy,UZ,40.4272,71.7189,25.52,93,100,6.91,fog
661,Willowmore,ZA,-33.2926,23.4895,69.44,79,17,4.72,few clouds
662,Morehead,US,37.2711,-87.1764,42.55,78,0,4.61,clear sky
663,Kopargaon,IN,19.8833,74.4833,73.11,73,100,7.9,overcast clouds
664,Nome,US,64.5011,-165.4064,15.12,90,100,7.16,overcast clouds
